id;title;servings;instructions;notes
1;Shoes Circle Louisiana;23087;invoice Orchestrator;JBOD deposit
2;Health;11622;Panama leverage;Metrics Legacy
3;open Direct;73481;Generic;copy reboot neural
4;rich;45458;Market mobile Barbados;quantify Vermont
5;Grocery cross-platform;12954;Hampshire withdrawal;hard Alabama multi-byte
6;magenta back;50531;Movies Division;JBOD Indonesia
7;deposit Human Lane;32041;SMS Baby invoice;withdrawal back Lake
8;alarm Tokelau Decentralized;45360;deposit drive;framework Money
9;Bike;52793;Home Cross-platform;Senior Wooden Representative
10;Soft Awesome JBOD;70339;Internal;Corporate monitor deposit
